<?xml version="1.0"?>
<mystuff>
	<language 
		lc0="ru"
		lc1="en"
	/>
        <folder 
		position="0"
		display="on"
		application="EXPLORER"
		icon="HDD.png"
		location="ROOT_SLASH"
		title_lc0="Диск A - Data"
		title_lc1="Disc A - Data"
	/>
	<folder 
		position="1"
		display="on"
		application="EXPLORER"
		icon="HDD.png"
		location="CNSI_CUSTOMER4"
		title_lc0="Диск B - Cache"
		title_lc1="Disc B - Cache"
	/>
	<folder 
		position="2"
		display="on"
		application="EXPLORER"
		icon="HDD.png"
		location="CNSI_CUSTOMER5"
		title_lc0="Диск C - Config"
		title_lc1="Disc C - Config"
        />
	<folder 
		position="3"
		display="on"
		application="JAM"
		icon="Applications.png"
		location="JAVA_JAM_APPL"
		title_lc0="Приложения"
		title_lc1="Applications"
	/>
	<folder 
		position="4"
		display="on"
		application="EXPLORER"
		icon="Pictures.png"
		location="PICTURES"
		title_lc0="Рисунки"
		title_lc1="Pictures"
	/>
	<folder 
		position="5"
		display="on"
		application="EXPLORER"
		icon="Videos.png"
		location="VIDEOS"
		title_lc0="Видео"
		title_lc1="Videos"
	/>
	<folder 
		position="6"
		display="on"
		application="JAM"
		icon="Games.png"
		location="JAVA_JAM_GAMES"
		title_lc0="Игры"
		title_lc1="Games"
	/>
	<folder 
		position="7"
		display="on"
		application="EXPLORER"
		icon="Animations.png"
		location="ANIMATION"
		title_lc0="Анимация"
		title_lc1="Animation"
	/>
	<folder 
		position="8"
		display="on"
		application="EXPLORER"
		icon="Sounds.png"
		location="RINGINGTONE"
		title_lc0="Звуки"
		title_lc1="Sounds"
	/>
	<folder 
		position="9"
		display="on"
		application="EXPLORER"
		icon="Themes.png"
		location="THEMES"
		title_lc0="Темы"
		title_lc1="Themes"
	/>
	<folder 
		position="10"
		display="on"
		application="EXPLORER"
		icon="Skins.png"
		location="COLOURSKINS"
		title_lc0="Скины"
		title_lc1="Skins"
	/>
	<folder 
		position="11"
		display="on"
		application="EXPLORER"
		icon="Misc.png"
		location="MISC"
		title_lc0="Разное"
		title_lc1="Misc"
	/>
	<folder 
		position="12"
		display="on"
		application="EXPLORER"
		icon="Zbin.png"
		location="TEXT"
		title_lc0="Эльфы"
                title_lc1="Elf's"
	/>
</mystuff>
