<?xml version="1.0"?>
<mystuff>
	<language 
		lc0="ru"
	/>
	<folder 
		position="0"
		display="on"
		application="EXPLORER"
		icon="Pictures.png"
		location="MMC1_PICTURES"
		title_lc0="Картинки"
	/>
	<folder 
		position="1"
		display="on"
		application="EXPLORER"
		icon="Videos.png"
		location="MMC1_VIDEOS"
		title_lc0="Видео"
	/>
	<folder 
		position="2"
		display="on"
		application="EXPLORER"
		icon="Themes.png"
		location="TEXT"
		title_lc0="Эльфы"
	/>
	<folder 
		position="3"
		display="on"
		application="EXPLORER"
		icon="Theme.gif"
		location="COLOURSKINS"
		title_lc0="Скины"
	/>
	<folder 
		position="4"
		display="on"
		application="JAM"
		icon="Applications.png"
		location="JAVA_JAM_APPL"
		title_lc0="Приложения"
	/>
	<folder 
		position="5"
		display="on"
		application="JAM"
		icon="Games.png"
		location="JAVA_JAM_GAMES"
		title_lc0="Игры"
	/>
	<folder 
		position="6"
		display="on"
		application="EXPLORER"
		icon="Misc.png"
		location="MISC"
		title_lc0="Разное"
	/>
	<folder 
		position="7"
		display="on"
		application="EXPLORER"
		icon="config.png"
		location="CNSI_CUSTOMER5"
		title_lc0="Конфиг"
	/>
	<folder 
		position="8"
		display="on"
		application="EXPLORER"
		icon="MMCard.gif"
		location="ROOT_SLASH"
		title_lc0="Все файлы"
	/>
</mystuff>
